{
    "type.193": {
        "_id": "type.193",
        "_type": "type",
        "name": "user_app_base",
        "title": "User Application Base",
        "description": "Base type representing user application - tool or workflow",
        "parent": {
            "1": "type.67"
        },
        "fields": {
            "1.1": {
                "field_name": "base_app_name",
                "field_title": "Name",
                "field_type": "string",
                "field_description": "User application name"
            },
            "1.2": {
                "field_name": "base_app_description",
                "field_title": "Description",
                "field_type": "text",
                "field_description": "User application description"
            },
            "1.3": {
                "field_name": "base_app_version",
                "field_title": "Version",
                "field_type": "string",
                "field_description": "User application version"
            },
            "1.4": {
                "field_name": "base_app_url",
                "field_title": "Source URL",
                "field_type": "string",
                "field_description": "URL pointing to source code / page for the tool"
            },
            "1.5": {
                "field_name": "base_app_license",
                "field_title": "License",
                "field_type": "string",
                "field_description": "Application licensing terms"
            },
            "1.6": {
                "field_name": "base_app_labels",
                "field_title": "Labels",
                "field_type": "list",
                "field_description": "Labels or tags for app classification"
            },
            "1.7": {
                "field_name": "base_app_creator",
                "field_title": "UserID",
                "field_type": "string",
                "field_description": "Creator of the application"
            }
        },
        "_perm": [
            {
                "party": "/system/",
                "act": {
                    "browse": true,
                    "read": true,
                    "write": true,
                    "exec": true,
                    "del": true,
                    "admin": true,
                    "share": true,
                    "download": true
                },
                "_infect": {
                    "party": [ "member" ]
                }
            },
            {
                "party": "/everyone/",
                "act": {
                    "browse": true,
                    "read": true
                },
                "_infect": {
                    "party": [ "member" ]
                }
            }
        ]
    }
}
