{
    "type.196": {
        "_id": "type.196",
        "_type": "type",
        "name": "user_app",
        "title": "User Application",
        "description": "Type representing user application - tool or workflow",
        "parent": {
            "1": "type.193"
        },
        "fields": {
            "1.1": {
                "field_name": "app_container",
                "field_title": "Container",
                "field_type": "string",
                "field_description": "Singularity container with user application"
            },
            "1.2": {
                "field_name": "app_container_test_cmd",
                "field_title": "Testing Command",
                "field_type": "string",
                "field_description": "Testing command that will make app produce "
            },
            "1.3": {
                "field_name": "app_container_test_output",
                "field_title": "Test Output",
                "field_type": "text",
                "field_description": "Expected output from the testing command execution"
            },
            "1.4": {
                "field_name": "app_tool_type",
                "field_title": "Tool Type",
                "field_type": "object",
                "field_is_hidden_fg": true,
                "field_description": "Reference to a tool type"
            },
            "1.5": {
                "field_name": "app_svc_type",
                "field_title": "Service Type",
                "field_type": "object",
                "field_is_hidden_fg": true,
                "field_description": "Reference to a service type"
            },
            "1.6": {
                "field_name": "app_resources_threads",
                "field_title": "Threads",
                "field_type": "string",
                "field_description": "Number of parallel threads used"
            },
            "1.7": {
                "field_name": "app_resources_ram",
                "field_title": "Memory (GB)",
                "field_type": "string",
                "field_description": "Number of parallel threads used"
            },
            "1.8": {
                "field_name": "app_command_name",
                "field_title": "Command",
                "field_type": "string",
                "field_description": "Name of the executable inside container with full path"
            },
            "1.9": {
                "field_name": "app_command_success",
                "field_title": "Success Codes",
                "field_type": "list",
                "field_description": "List of success codes for executable"
            },
            "1.10": {
                "field_name": "app_command_failure",
                "field_title": "Failure Codes",
                "field_type": "list",
                "field_description": "List of failure codes for executable"
            },
            "1.11": {
                "field_name": "app_arguments",
                "field_title": "Arguments",
                "field_type": "array",
                "field_include_type": "type.194",
                "field_description": "List of command line arguments for executable",
                "field_is_multi_fg": true
            },
            "1.12": {
                "field_name": "app_outputs",
                "field_title": "Outputs",
                "field_type": "array",
                "field_include_type": "type.195",
                "field_description": "List of outputs for executable",
                "field_is_multi_fg": true
            }
        },
        "_perm": [
            {
                "party": "/system/",
                "act": {
                    "browse": true,
                    "read": true,
                    "write": true,
                    "exec": true,
                    "del": true,
                    "admin": true,
                    "share": true,
                    "download": true
                },
                "_infect": {
                    "party": [ "member" ]
                }
            },
            {
                "party": "/everyone/",
                "act": {
                    "browse": true,
                    "read": true
                },
                "_infect": {
                    "party": [ "member" ]
                }
            }
        ]
    }
}
