[
    {
        "function": "Input",
        "type": "Obj",
        "prefix": "-p",
        "separator": "<space>",
        "value": "ecoli",
        "title": "Input",
        "description": "Input Object",
        "readonly": "false",
        "array": "false",
        "array_separator": "-"
    },
    {
        "function": "Input",
        "type": "String",
        "prefix": "genomeSize",
        "separator": "=",
        "value": "4.8m",
        "title": "Genome Size",
        "description": "Max Size of Genome",
        "readonly": "false",
        "array": "false",
        "array_separator": "-"
    },
    {
        "function": "Input",
        "type": "String",
        "prefix": "correctedErrorRate",
        "separator": "=",
        "value": "0.075",
        "title": "Error Rate",
        "description": "Corrected Error Rate",
        "readonly": "false",
        "array": "false",
        "array_separator": "-"
    },
    {
        "function": "Output",
        "type": "Obj",
        "prefix": "-",
        "separator": "-",
        "value": "<empty>",
        "title": "Trimmed Reads",
        "description": "Fasta Formatted Treamed reads",
        "readonly": "-",
        "array": "-",
        "array_separator": "-"
    }
]